cust_id,dt,ym,sale_amt
AFG4127094465,2021-12-09,202112,300000
AFG4127094465,2022-04-22,202204,45000
AFG4136725677,2022-04-07,202204,47800
AFG4140129314,2022-02-07,202202,39200
AFG4144923657,2022-05-11,202205,110000
AFG4154711536,2022-02-19,202202,45000
AFG4155110728,2022-01-26,202201,141550
AFG4160618910,2022-04-02,202204,100000
AFG4168452546,2022-02-04,202202,183200
AFG4172879718,2022-05-08,202205,39200
AFG4174073152,2022-04-07,202204,0
AFG4174345172,2022-05-09,202205,23900
AFG4180670627,2022-04-20,202204,198000
AFG4182131334,2022-02-04,202202,39200
AFG4201511536,2021-12-04,202112,238000
AFG4203751637,2022-05-05,202205,59200
AFG4222653253,2021-12-26,202112,89000
AFG4222653253,2022-05-01,202205,379400
AFG4229643253,2022-02-04,202202,367200
AFG4231517193,2022-02-24,202202,200000
AFG4231517193,2022-02-25,202202,160000
AFG4231517193,2022-05-05,202205,150000
AFG4234065980,2022-05-01,202205,70300
AFG4234316991,2021-12-22,202112,49000
AFG4234620425,2022-04-23,202204,388000
AFG4234620425,2022-04-24,202204,396550
AFG4234620425,2022-05-14,202205,88200
AFG4235840223,2022-05-03,202205,116100
AFG4238175778,2022-05-10,202205,46400
AFG4240468001,2021-12-20,202112,39200
AFG4247340829,2021-12-20,202112,55300
AFG4263359314,2022-01-11,202201,116100
AFG4264022748,2022-04-09,202204,84500
AFG4270429516,2022-01-08,202201,109000
AFG4274920425,2021-12-26,202112,89000
AFG4283177395,2022-03-11,202203,198000
AFG4283177395,2022-04-01,202204,138300
AFG4283177395,2022-05-09,202205,98400
AFG4283368001,2021-12-22,202112,67200
AFG4283368001,2021-12-27,202112,178200
AFG4283368001,2022-01-12,202201,39200
AFG4286697092,2022-05-20,202205,23200
AFG4287362243,2022-04-03,202204,79000
AFG4287554566,2022-02-06,202202,109000
AFG4300527193,2022-05-12,202205,111200
AFG4306998001,2021-12-13,202112,178000
AFG4308016789,2022-05-22,202205,277600
AFG4315073556,2022-04-04,202204,160300
AFG4324699516,2022-02-04,202202,39000
AFG4325992647,2021-12-12,202112,0
AFG4325992647,2021-12-16,202112,0
AFG4325992647,2022-03-03,202203,161000
AFG4325992647,2022-04-03,202204,111200
AFG4325992647,2022-05-21,202205,111200
AFG4335043253,2022-03-27,202203,227000
AFG4336742243,2022-04-03,202204,211400
AFG4337573051,2022-02-28,202202,149000
AFG4339485677,2022-04-06,202204,79000
AFG4339485677,2022-04-12,202204,-39500
AFG4340893253,2022-03-16,202203,71200
AFG4341673556,2022-02-26,202202,468000
AFG4345693152,2021-12-12,202112,109000
AFG4353454364,2022-05-12,202205,23200
AFG4366092748,2022-05-22,202205,23900
AFG4367783253,2022-04-06,202204,69000
AFG4368015172,2022-04-15,202204,258000
AFG4368015172,2022-04-30,202204,29000
AFG4370921031,2022-03-31,202203,187900
AFG4371061637,2022-05-07,202205,121600
AFG4371061637,2022-05-09,202205,-59200
AFG4380587698,2022-01-08,202201,234200
AFG4381971334,2022-04-01,202204,159200
AFG4382803354,2022-05-08,202205,159200
AFG4382803354,2022-05-11,202205,-159200
AFG4388747799,2022-02-10,202202,119200
AFG4388747799,2022-04-26,202204,195300
AFG4388747799,2022-05-02,202205,241200
AFG4390524970,2022-05-10,202205,23200
AFG4391000122,2022-03-12,202203,89000
AFG4396614465,2022-04-25,202204,161900
AFG4398745273,2021-12-23,202112,78400
AFG4398978607,2022-04-22,202204,525000
AFG4401589718,2021-12-31,202112,84000
AFG4402364263,2021-12-18,202112,28000
AFG4402364263,2022-05-08,202205,56000
AFG4403544061,2022-04-02,202204,111200
AFG4403544061,2022-04-21,202204,140000
AFG4414435778,2021-12-16,202112,188000
AFG4420475273,2022-01-07,202201,39200
AFG4425730122,2022-04-01,202204,31200
AFG4426936283,2021-12-22,202112,316000
AFG4430129011,2022-05-20,202205,23900
AFG4431706788,2022-03-01,202203,199000
AFG4444139213,2021-12-21,202112,39200
AFG4446642849,2022-02-04,202202,45000
AFG4447760425,2022-03-12,202203,152100
AFG4448982647,2022-05-10,202205,23900
AFG4449282445,2022-05-09,202205,31200
AFG4454186586,2021-12-18,202112,83300
AFG4454344566,2022-05-06,202205,46400
AFG4454816687,2022-03-12,202203,248000
AFG4461289314,2022-04-21,202204,49000
AFG4469861334,2022-01-15,202201,49000
AFG4470998708,2022-04-23,202204,129000
AFG4471937294,2022-01-02,202201,248000
AFG4472943455,2022-04-23,202204,58000
AFG4481637395,2022-01-08,202201,39200
AFG4483143960,2021-12-04,202112,99000
AFG4483143960,2022-04-26,202204,228000
AFG4490642344,2022-04-08,202204,500000
AFG4490642344,2022-04-26,202204,131400
AFG4490857698,2021-12-04,202112,367000
AFG4490857698,2022-04-23,202204,268000
AFG4491309011,2022-04-06,202204,60000
AFG4492778607,2021-12-18,202112,78400
AFG4495510930,2022-04-10,202204,127200
AFG4496829920,2021-12-18,202112,39200
AFG4501034970,2022-02-04,202202,158400
AFG4502837193,2022-03-20,202203,99000
AFG4504038001,2022-01-25,202201,116100
AFG4504038001,2022-03-10,202203,28000
AFG4504915879,2022-02-11,202202,35000
AFG4508014970,2021-12-21,202112,39200
AFG4509717395,2022-02-05,202202,71200
AFG4509812950,2022-05-15,202205,59000
AFG4510536384,2022-04-02,202204,79000
AFG4510714061,2022-01-08,202201,39200
AFG4513230526,2021-12-12,202112,99000
AFG4513230526,2022-03-09,202203,140200
AFG4514430223,2021-12-08,202112,109000
AFG4518834162,2022-05-22,202205,23900
AFG4519521334,2022-05-05,202205,23200
AFG4520966788,2022-04-29,202204,103000
AFG4525058708,2022-03-27,202203,159200
AFG4526568708,2022-03-06,202203,371500
AFG4527707799,2022-03-06,202203,159200
AFG4528327799,2022-04-04,202204,39500
AFG4531890627,2022-03-26,202203,89000
AFG4531890627,2022-05-07,202205,28000
AFG4532433859,2022-05-20,202205,71200
AFG4534014061,2022-05-06,202205,90400
AFG4535698405,2022-05-08,202205,143000
AFG4538024061,2022-04-06,202204,159200
AFG4538699516,2022-05-20,202205,23900
AFG4539184970,2022-04-03,202204,31200
AFG4540084263,2022-02-27,202202,143000
AFG4542612647,2022-01-08,202201,28000
AFG4544179415,2022-05-21,202205,62400
AFG4547452445,2022-01-08,202201,138000
AFG4551498708,2022-03-06,202203,231200
AFG4553078809,2022-04-09,202204,111300
AFG4555427900,2022-01-26,202201,168000
AFG4555556788,2022-01-10,202201,49000
AFG4557698708,2022-05-01,202205,115000
AFG4557701334,2022-01-03,202201,139000
AFG4557701334,2022-01-06,202201,103200
AFG4557701334,2022-05-16,202205,125100
AFG4559193253,2022-05-08,202205,180000
AFG4562578809,2022-02-13,202202,359000
AFG4562964263,2022-03-22,202203,174000
AFG4563248304,2021-12-27,202112,158000
AFG4566712445,2022-02-25,202202,122500
AFG4566846485,2022-05-21,202205,28000
AFG4568502748,2022-02-05,202202,49900
AFG4568502748,2022-02-08,202202,-49900
AFG4570725071,2022-03-06,202203,79200
AFG4571150122,2022-03-25,202203,80000
AFG4571150122,2022-04-29,202204,44100
AFG4576426485,2022-01-08,202201,28000
AFG4577259920,2022-02-13,202202,89000
AFG4579581435,2022-05-22,202205,103200
AFG4581384970,2022-05-22,202205,46400
AFG4582838102,2022-05-07,202205,62400
AFG4584158607,2022-03-12,202203,69000
AFG4585925071,2021-12-03,202112,0
AFG4590196788,2021-12-16,202112,49000
AFG4591060728,2022-01-03,202201,269000
AFG4596327799,2022-02-02,202202,148000
AFG4597590526,2021-12-26,202112,99000
AFG4598197496,2021-12-05,202112,148000
AFG4598367698,2022-05-22,202205,226400
AFG4600529213,2022-02-06,202202,49900
AFG4601115778,2022-04-20,202204,129000
AFG4603070829,2022-01-05,202201,206100
AFG4603070829,2022-03-10,202203,215200
AFG4603375475,2022-03-05,202203,36000
AFG4606326283,2022-01-24,202201,159000
AFG4609466586,2022-02-26,202202,199000
AFG4609884768,2022-02-11,202202,138000
AFG4610757900,2022-03-27,202203,230000
AFG4614029819,2021-12-26,202112,277000
AFG4614029819,2022-05-22,202205,82400
AFG4614714566,2022-04-25,202204,125100
AFG4614714566,2022-04-29,202204,125000
AFG4614714566,2022-04-30,202204,-125000
AFG4615074566,2022-04-16,202204,89000
AFG4615550728,2022-04-19,202204,29900
AFG4616799617,2022-05-17,202205,129000
AFG4617455172,2021-12-17,202112,39200
AFG4617455172,2021-12-20,202112,-39200
AFG4618914263,2022-01-08,202201,262400
AFG4619923657,2021-12-03,202112,99000
AFG4621818708,2022-05-03,202205,89100
AFG4626103455,2022-05-22,202205,62400
AFG4626514061,2022-05-21,202205,103200
AFG4627690829,2022-05-21,202205,44100
AFG4627973758,2022-04-01,202204,108500
AFG4628303253,2022-05-21,202205,23900
AFG4630313758,2021-12-26,202112,99000
AFG4631911435,2022-05-11,202205,23900
AFG4635430526,2022-01-11,202201,55000
AFG4635430526,2022-01-13,202201,39200
AFG4635859819,2021-12-01,202112,327000
AFG4638084364,2022-03-12,202203,524000
AFG4638084364,2022-05-05,202205,59920
AFG4639258506,2022-03-22,202203,226100
AFG4639658910,2022-05-08,202205,28000
AFG4640137799,2022-04-02,202204,70700
AFG4644562243,2022-01-12,202201,49900
AFG4644584263,2022-03-09,202203,317600
AFG4644635778,2022-01-20,202201,153300
AFG4644635778,2022-01-23,202201,-153300
AFG4644816081,2022-04-28,202204,29000
AFG4644990324,2022-05-21,202205,23200
AFG4645073253,2022-04-02,202204,408800
AFG4645073253,2022-04-05,202204,-8000
AFG4646973354,2022-04-05,202204,47800
AFG4648065677,2022-04-21,202204,39000
AFG4651413556,2022-04-17,202204,159000
AFG4653175980,2022-03-05,202203,55200
AFG4654708809,2022-02-10,202202,78400
AFG4656588910,2022-04-04,202204,63200
AFG4656589415,2022-03-01,202203,460000
AFG4656589415,2022-03-04,202203,80000
AFG4658060728,2022-05-21,202205,28000
AFG4658783051,2021-12-18,202112,119200
AFG4659397698,2022-01-28,202201,99000
AFG4660364667,2022-05-21,202205,30000
AFG4660767193,2021-12-04,202112,49000
AFG4660767193,2022-03-09,202203,44500
AFG4660767193,2022-03-13,202203,-44500
AFG4660767193,2022-03-31,202203,358300
AFG4660767193,2022-04-01,202204,-148000
AFG4660767193,2022-04-03,202204,-210300
AFG4661625879,2022-05-22,202205,47200
AFG4663479213,2022-01-20,202201,152100
AFG4663861536,2022-01-02,202201,267000
AFG4664081132,2022-04-04,202204,45000
AFG4664391435,2021-12-17,202112,110400
AFG4666950526,2022-04-03,202204,83100
AFG4667825879,2022-04-03,202204,79000
AFG4667973051,2022-05-04,202205,116100
AFG4668027496,2022-05-14,202205,149000
AFG4673281940,2022-05-06,202205,79200
AFG4673642647,2022-04-03,202204,159200
AFG4674838506,2022-05-20,202205,23200
AFG4675146890,2022-05-20,202205,23200
AFG4675227496,2022-03-09,202203,103200
AFG4676339516,2022-03-27,202203,79000
AFG4677126586,2022-01-23,202201,139000
AFG4677493152,2022-01-13,202201,28000
AFG4678482344,2022-05-09,202205,55200
AFG4678812849,2022-02-05,202202,49900
AFG4681469718,2022-04-02,202204,23900
AFG4685113859,2022-03-06,202203,127200
AFG4685113859,2022-03-09,202203,127200
AFG4685113859,2022-04-30,202204,74000
AFG4685538506,2022-05-06,202205,92800
AFG4685917294,2022-05-08,202205,47800
AFG4685999415,2022-05-07,202205,23200
AFG4685999415,2022-05-11,202205,-23200
AFG4686110021,2022-03-27,202203,35000
AFG4687354263,2022-05-20,202205,47800
AFG4687368203,2021-12-20,202112,55300
AFG4687368203,2021-12-22,202112,-55300
AFG4687882950,2021-12-05,202112,0
AFG4687882950,2022-04-01,202204,55200
AFG4687882950,2022-05-14,202205,129000
AFG4691033556,2022-04-01,202204,63800
AFG4694420930,2022-01-07,202201,69300
AFG4694420930,2022-01-15,202201,9700
AFG4696176384,2022-04-02,202204,341600
AFG4696451940,2022-01-20,202201,238000
AFG4696451940,2022-03-10,202203,397600
AFG4696800728,2021-12-23,202112,398400
AFG4697304061,2022-01-08,202201,79200
AFG4697712849,2022-05-07,202205,46400
AFG4697910324,2021-12-05,202112,99000
AFG4697910324,2021-12-19,202112,87200
AFG4698761637,2021-12-19,202112,110700
AFG4699104263,2022-04-21,202204,49000
AFG4700294061,2022-03-08,202203,86400
AFG4700294061,2022-05-09,202205,44000
AFG4700448809,2022-05-08,202205,28000
AFG4701696991,2022-03-01,202203,168000
AFG4701899213,2022-04-02,202204,79800
AFG4701899213,2022-04-03,202204,-79800
AFG4702984364,2022-04-16,202204,59800
AFG4703281233,2022-05-08,202205,31200
AFG4703284465,2022-01-11,202201,198000
AFG4703945273,2022-01-08,202201,39200
AFG4704367597,2022-05-07,202205,23200
AFG4704533354,2022-02-09,202202,49900
AFG4706433657,2021-12-23,202112,159200
AFG4706433657,2021-12-30,202112,-159200
AFG4706569415,2022-05-08,202205,28000
AFG4707797395,2022-03-11,202203,179000
AFG4708247799,2022-05-13,202205,45000
AFG4711479819,2021-12-13,202112,99000
AFG4711543051,2022-05-21,202205,28000
AFG4711806789,2022-02-07,202202,0
AFG4715088405,2021-12-12,202112,89000
AFG4716341940,2022-02-24,202202,45000
AFG4716524970,2022-04-26,202204,59000
AFG4717420223,2022-04-04,202204,230400
AFG4717420223,2022-04-23,202204,400000
AFG4717973758,2021-12-12,202112,89000
AFG4718898910,2022-03-21,202203,99000
AFG4718942647,2022-05-21,202205,23200
AFG4720848809,2022-05-09,202205,28000
AFG4720848809,2022-05-10,202205,82400
AFG4721146586,2022-02-27,202202,168000
AFG4721231738,2022-05-13,202205,123900
AFG4721231738,2022-05-19,202205,65000
AFG4721598607,2021-12-23,202112,215200
AFG4721598607,2021-12-27,202112,-215200
AFG4723329213,2022-03-26,202203,129000
AFG4725156788,2022-01-30,202201,149000
AFG4725266789,2021-12-19,202112,63200
AFG4725912344,2022-03-05,202203,285600
AFG4726364263,2022-04-05,202204,62300
AFG4726364263,2022-04-09,202204,129000
AFG4727574162,2022-03-30,202203,439400
AFG4727574162,2022-04-30,202204,620600
AFG4727689213,2022-05-07,202205,28000
AFG4728627900,2022-01-28,202201,229000
AFG4728644970,2022-01-16,202201,307000
AFG4728762445,2022-02-20,202202,89000
AFG4730932243,2022-04-23,202204,35000
AFG4731568910,2022-04-27,202204,109000
AFG4732662041,2022-02-04,202202,29900
AFG4732782243,2022-05-05,202205,178400
AFG4732782243,2022-05-06,202205,0
AFG4733960627,2022-05-08,202205,70300
AFG4735793051,2022-04-02,202204,23900
AFG4736331435,2022-01-11,202201,338300
AFG4737640122,2021-12-18,202112,55300
AFG4737965980,2021-12-28,202112,99000
AFG4738190021,2022-04-11,202204,139000
AFG4738567294,2022-05-20,202205,59200
AFG4740937294,2022-05-21,202205,59200
AFG4741250526,2022-02-26,202202,199000
AFG4741504465,2021-12-17,202112,122500
AFG4741573960,2022-05-08,202205,47800
AFG4742498506,2022-05-07,202205,51900
AFG4742621839,2022-01-08,202201,39200
AFG4743097092,2022-04-04,202204,31200
AFG4743396687,2022-01-14,202201,99000
AFG4745245374,2021-12-28,202112,853000
AFG4745453455,2021-12-27,202112,215200
AFG4746400021,2022-04-23,202204,71200
AFG4746400021,2022-05-12,202205,0
AFG4749186283,2022-04-30,202204,74900
AFG4749628910,2022-01-08,202201,49900
AFG4753768102,2022-04-24,202204,179300
AFG4754330930,2022-04-07,202204,79000
AFG4757162849,2022-05-12,202205,119200
AFG4758630627,2022-03-16,202203,35000
AFG4758630627,2022-03-25,202203,-35000
AFG4759193152,2022-05-11,202205,23200
AFG4759485778,2022-05-22,202205,28000
AFG4759598910,2022-03-19,202203,535500
AFG4759598910,2022-03-26,202203,53100
AFG4759598910,2022-05-05,202205,303600
AFG4759904263,2021-12-26,202112,269000
AFG4760561839,2021-12-07,202112,0
AFG4760888607,2022-03-09,202203,54500
AFG4761035980,2021-12-03,202112,242100
AFG4761460930,2022-03-09,202203,83900
AFG4761605475,2022-04-02,202204,110400
AFG4765086586,2022-01-20,202201,217000
AFG4765086586,2022-02-04,202202,183200
AFG4765511536,2022-03-06,202203,79200
AFG4765791738,2022-04-27,202204,139000
AFG4766236081,2022-03-09,202203,89000
AFG4766608809,2022-02-06,202202,279200
AFG4766608809,2022-04-15,202204,89100
AFG4766835374,2022-05-21,202205,23900
AFG4767190223,2022-03-01,202203,312300
AFG4768215778,2022-05-20,202205,59200
AFG4771827092,2022-05-08,202205,134400
AFG4771827092,2022-05-14,202205,-79200
AFG4771841536,2021-12-13,202112,99000
AFG4771926182,2022-01-21,202201,149000
AFG4772045980,2022-03-26,202203,337100
AFG4774518102,2022-02-15,202202,138000
AFG4775785273,2021-12-18,202112,55300
AFG4776122546,2021-12-12,202112,314100
AFG4776122950,2021-12-28,202112,15000
AFG4777140930,2022-03-01,202203,597000
AFG4777774768,2022-02-06,202202,188300
AFG4778539617,2022-05-11,202205,47800
AFG4778996081,2021-12-13,202112,55000
AFG4779139011,2022-03-05,202203,39900
AFG4779176182,2022-03-05,202203,71200
AFG4779384364,2022-04-20,202204,90300
AFG4779384364,2022-04-22,202204,-90300
AFG4780579213,2021-12-23,202112,78400
AFG4780652748,2022-03-19,202203,232000
AFG4780652748,2022-04-01,202204,0
AFG4781063253,2022-04-09,202204,87200
AFG4782421435,2022-05-19,202205,89100
AFG4782980122,2022-02-27,202202,149000
AFG4784266687,2022-05-06,202205,62400
AFG4784366586,2022-04-24,202204,49000
AFG4785735071,2022-04-03,202204,23900
AFG4786298405,2022-04-24,202204,74000
AFG4787940122,2022-05-10,202205,23900
AFG4790208708,2022-02-10,202202,159200
AFG4791432950,2022-02-15,202202,188000
AFG4792718001,2022-03-19,202203,109000
AFG4794766586,2022-05-21,202205,62400
AFG4796162849,2022-04-26,202204,99000
AFG4796162849,2022-05-12,202205,152400
AFG4796382243,2022-04-04,202204,39500
AFG4796720324,2022-05-21,202205,166400
AFG4796730930,2022-04-25,202204,29900
AFG4797305980,2021-12-20,202112,39200
AFG4797305980,2022-01-24,202201,39800
AFG4797386485,2021-12-12,202112,89000
AFG4798794364,2022-04-02,202204,23900
AFG4800274263,2022-05-05,202205,23200
AFG4800666283,2022-05-10,202205,79000
AFG4802203859,2021-12-29,202112,79000
AFG4802476485,2022-03-19,202203,313200
AFG4805760728,2022-05-05,202205,662400
AFG4807612546,2022-05-05,202205,89100
AFG4810849011,2022-05-21,202205,28000
AFG4812541132,2022-05-22,202205,150400
AFG4814332142,2022-02-04,202202,89000
AFG4814694061,2021-12-11,202112,332550
AFG4815354465,2022-05-20,202205,31200
AFG4815858001,2022-01-22,202201,89100
AFG4815858001,2022-05-01,202205,99000
AFG4815858001,2022-05-03,202205,30000
AFG4815858001,2022-05-08,202205,-129000
AFG4820653758,2022-05-21,202205,23900
AFG4824218910,2022-05-20,202205,56000
AFG4827680425,2022-03-08,202203,29400
AFG4827724364,2022-01-09,202201,104900
AFG4828303253,2022-03-04,202203,83900
AFG4828576182,2022-05-11,202205,82400
AFG4829737193,2022-05-09,202205,23900
AFG4830669112,2021-12-19,202112,508000
AFG4831540425,2022-05-20,202205,59200
AFG4832853455,2021-12-12,202112,89000
AFG4834066586,2022-01-16,202201,854200
AFG4834316586,2022-03-09,202203,87200
AFG4834541940,2022-04-06,202204,23900
AFG4834917193,2021-12-18,202112,71200
AFG4836496991,2021-12-18,202112,301600
AFG4838670425,2022-05-21,202205,31200
AFG4838704465,2021-12-17,202112,78400
AFG4838768809,2022-05-20,202205,59200
AFG4839615980,2022-03-06,202203,39900
AFG4840184263,2022-04-12,202204,368000
AFG4840591940,2021-12-23,202112,166400
AFG4840613253,2022-01-10,202201,89100
AFG4840929718,2021-12-16,202112,279200
AFG4841172142,2021-12-26,202112,99000
AFG4841284162,2022-01-08,202201,39200
AFG4841791334,2022-05-14,202205,139000
AFG4841895576,2022-04-03,202204,39900
AFG4842286283,2022-02-05,202202,180000
AFG4842286283,2022-03-12,202203,215200
AFG4842319617,2021-12-24,202112,198000
AFG4842319617,2021-12-29,202112,178000
AFG4842319617,2022-04-08,202204,249400
AFG4842319617,2022-05-21,202205,177600
AFG4843122748,2022-05-06,202205,23200
AFG4843932546,2022-05-20,202205,0
AFG4845770425,2022-01-09,202201,89100
AFG4845770425,2022-04-07,202204,47800
AFG4846166485,2022-05-05,202205,94400
AFG4846475576,2022-04-26,202204,68900
AFG4846635071,2022-03-01,202203,152000
AFG4846635071,2022-03-05,202203,0
AFG4849741637,2022-03-26,202203,236400
AFG4849741637,2022-04-02,202204,79000
AFG4850051334,2022-05-05,202205,134400
AFG4850983758,2021-12-12,202112,108000
AFG4851223354,2021-12-26,202112,99000
AFG4852181637,2022-04-02,202204,309600
AFG4852765172,2022-05-11,202205,47100
AFG4853870829,2022-04-01,202204,79200
AFG4854259617,2022-05-12,202205,127100
AFG4854259617,2022-05-13,202205,-23900
AFG4854656384,2021-12-05,202112,89000
AFG4855263960,2022-02-03,202202,189000
AFG4855263960,2022-02-04,202202,-189000
AFG4856763960,2022-04-17,202204,29000
AFG4857747900,2022-05-11,202205,79200
AFG4857747900,2022-05-12,202205,119200
AFG4859273556,2022-02-14,202202,169000
AFG4859396081,2022-05-07,202205,59200
AFG4860181637,2022-04-05,202204,103200
AFG4862303354,2022-04-07,202204,90000
AFG4863248506,2022-05-08,202205,56000
AFG4863889718,2022-04-05,202204,232000
AFG4865283758,2022-02-13,202202,278000
AFG4868046991,2022-04-02,202204,228800
AFG4868442243,2022-04-02,202204,39900
AFG4871262546,2021-12-24,202112,218000
AFG4871610122,2022-03-05,202203,47800
AFG4871610122,2022-05-21,202205,28000
AFG4872807294,2022-02-22,202202,150000
AFG4874307597,2022-01-29,202201,99000
AFG4875699011,2022-04-06,202204,118400
AFG4876995879,2022-04-01,202204,160300
AFG4877540122,2022-05-08,202205,23900
AFG4879118708,2022-03-29,202203,99000
AFG4879118708,2022-04-17,202204,79000
AFG4880200627,2022-03-01,202203,89000
AFG4881261435,2021-12-19,202112,272200
AFG4881342647,2022-05-08,202205,71700
AFG4883012243,2022-04-02,202204,47800
AFG4883084566,2022-01-20,202201,69000
AFG4883084566,2022-02-02,202202,188300
AFG4883469213,2022-04-23,202204,78000
AFG4886647294,2022-04-02,202204,222900
AFG4887111233,2022-04-14,202204,253100
AFG4887783960,2022-05-07,202205,62400
AFG4887785980,2022-05-01,202205,268000
AFG4891239617,2021-12-26,202112,218000
AFG4891239617,2022-01-30,202201,89000
AFG4891239617,2022-05-05,202205,80000
AFG4891292647,2021-12-13,202112,0
AFG4895428304,2022-04-23,202204,29900
AFG4896438304,2022-05-05,202205,59200
AFG4896588607,2022-05-08,202205,153100
AFG4897260425,2022-04-02,202204,79000
AFG4897476687,2022-05-08,202205,206400
AFG4897772344,2022-04-03,202204,237500
AFG4898962950,2021-12-21,202112,39200
AFG4900047799,2022-05-01,202205,35000
AFG4901097496,2022-03-13,202203,291000
AFG4901097496,2022-05-13,202205,251200
AFG4901097496,2022-05-14,202205,-45000
AFG4903156687,2022-01-13,202201,39200
AFG4903990627,2022-03-13,202203,69000
AFG4903990627,2022-05-13,202205,219000
AFG4904526788,2022-04-02,202204,90400
AFG4905465374,2022-05-22,202205,23200
AFG4907138809,2021-12-22,202112,129000
AFG4907138809,2022-05-20,202205,23200
AFG4907239516,2022-02-04,202202,285600
AFG4908179011,2022-05-21,202205,47200
AFG4908646788,2021-12-18,202112,55300
AFG4910372142,2022-02-07,202202,99900
AFG4910861940,2022-03-09,202203,69000
AFG4912562243,2022-02-09,202202,137800
AFG4913139112,2022-05-22,202205,31200
AFG4914802647,2022-01-13,202201,39200
AFG4916208506,2022-01-02,202201,139000
AFG4919091940,2021-12-28,202112,35000
AFG4921583253,2022-05-01,202205,380950
AFG4922630627,2022-02-02,202202,298000
AFG4924203051,2022-04-03,202204,284600
AFG4924203051,2022-05-21,202205,111200
AFG4926361031,2022-05-07,202205,36000
AFG4928500122,2022-04-01,202204,39200
AFG4929843354,2022-04-23,202204,74000
AFG4930345879,2022-05-07,202205,118400
AFG4932582748,2022-05-07,202205,23200
AFG4932873657,2022-05-05,202205,23200
AFG4932901132,2022-02-08,202202,39000
AFG4934836789,2022-05-05,202205,53100
AFG4936705273,2022-01-22,202201,377350
AFG4937744162,2021-12-19,202112,183200
AFG4938069617,2022-03-06,202203,75700
AFG4939345071,2022-05-09,202205,56000
AFG4940805172,2022-02-05,202202,39000
AFG4941119819,2022-04-20,202204,206100
AFG4942022950,2022-05-08,202205,59200
AFG4942475677,2022-02-21,202202,346000
AFG4943359718,2022-03-08,202203,47800
AFG4944626283,2022-04-22,202204,78900
AFG4945242243,2022-05-08,202205,79200
AFG4948006182,2021-12-17,202112,63200
AFG4948059516,2022-04-01,202204,44000
AFG4948891132,2022-05-21,202205,23900
AFG4953228506,2022-01-09,202201,78400
AFG4953228506,2022-01-12,202201,-39200
AFG4953668203,2022-05-08,202205,54400
AFG4953958001,2022-04-02,202204,62200
AFG4956956182,2022-05-21,202205,36000
AFG4957056586,2022-01-30,202201,269000
AFG4958498001,2022-05-13,202205,174000
AFG4958498001,2022-05-15,202205,50000
AFG4961728102,2021-12-19,202112,450400
AFG4962856081,2022-05-05,202205,59200
AFG4962912445,2022-04-24,202204,129000
AFG4965591637,2022-02-18,202202,179000
AFG4966488304,2022-04-02,202204,39200
AFG4969173455,2022-03-01,202203,129000
AFG4969592243,2022-04-02,202204,47800
AFG4969768910,2022-02-14,202202,158000
AFG4970244162,2022-05-08,202205,47100
AFG4971363152,2022-05-06,202205,59200
AFG4974052445,2022-05-08,202205,28000
AFG4974231738,2022-04-03,202204,46400
AFG4974441839,2022-02-19,202202,198000
AFG4976373051,2022-04-19,202204,89000
AFG4977274768,2022-01-29,202201,158000
AFG4981366991,2022-05-08,202205,79900
AFG4985038506,2022-01-29,202201,149000
AFG4990648506,2021-12-18,202112,320400
AFG4990648506,2022-02-10,202202,150400
AFG4992978304,2022-04-02,202204,31200
AFG4995697496,2021-12-18,202112,292800
AFG4997808102,2022-02-26,202202,188000
AFG4997808102,2022-05-08,202205,154400
AFG4998341536,2022-04-01,202204,31200
AFG4998552748,2022-04-23,202204,29000
AFG5002823051,2022-05-22,202205,23200
AFG5004010223,2022-04-04,202204,69000
AFG5011612445,2022-04-09,202204,69000
AFG5016773354,2021-12-11,202112,0
AFG5018989011,2021-12-20,202112,39200
AFG5019706384,2022-05-08,202205,28000
AFG5021407395,2021-12-19,202112,119200
AFG5022214061,2022-04-04,202204,54500
AFG5031891334,2021-12-15,202112,314000
AFG5031891334,2021-12-16,202112,-314000
AFG5034423152,2022-05-04,202205,44100
AFG5038675475,2022-03-13,202203,89000
AFG5038936586,2022-05-21,202205,28000
AFG5042534869,2022-04-09,202204,199000
AFG5042534869,2022-04-11,202204,-199000
AFG5042648506,2022-05-15,202205,118000
AFG5044119516,2021-12-21,202112,39200
AFG5044473354,2022-05-01,202205,116100
AFG5044883354,2022-04-03,202204,39500
AFG5046182849,2022-04-06,202204,85600
AFG5048081132,2022-03-24,202203,188300
AFG5051639314,2021-12-18,202112,78400
AFG5054852041,2022-01-14,202201,89000
AFG5054902243,2022-05-08,202205,31200
AFG5058993152,2022-03-08,202203,55200
AFG5063383657,2022-05-22,202205,28000
AFG5065763455,2022-05-20,202205,31200
AFG5067139213,2021-12-26,202112,206100
AFG5076533556,2022-02-08,202202,139300
AFG5079069819,2022-02-06,202202,103200
AFG5079069819,2022-04-13,202204,263100
AFG5079788506,2022-01-16,202201,35000
AFG5081935879,2022-05-12,202205,70400
AFG5084820627,2022-01-10,202201,248300
AFG5101928809,2022-04-06,202204,31200
AFG5101928809,2022-04-29,202204,100000
AFG5102607193,2022-01-08,202201,39200
AFG5104180728,2022-05-21,202205,28000
AFG5107888910,2022-04-02,202204,188500
AFG5108645980,2022-04-03,202204,119200
AFG5121371334,2022-01-16,202201,79000
AFG5129094364,2022-05-07,202205,345600
AFG5129094364,2022-05-08,202205,127200
AFG5129094364,2022-05-10,202205,-103200
AFG5134059213,2021-12-01,202112,98000
AFG5134986485,2022-03-12,202203,139000
AFG5134986485,2022-03-19,202203,-9000
AFG5135299819,2022-04-23,202204,29000
AFG5135299819,2022-04-24,202204,-29000
AFG5136386283,2022-03-24,202203,69000
AFG5141361637,2022-05-14,202205,272100
AFG5141885172,2022-04-03,202204,166500
AFG5142211738,2022-01-13,202201,170200
AFG5142211738,2022-04-03,202204,357900
AFG5142843960,2022-01-09,202201,178500
AFG5143636384,2022-05-14,202205,108000
AFG5144228203,2021-12-26,202112,69000
AFG5147456991,2022-04-04,202204,68200
AFG5147705980,2022-05-01,202205,210900
AFG5150868203,2022-04-05,202204,142200
AFG5156808809,2022-04-05,202204,55100
AFG5156943354,2022-02-12,202202,219000
AFG5160362647,2022-05-22,202205,28000
AFG5162937900,2022-01-26,202201,148000
AFG5162937900,2022-01-27,202201,60000
AFG5165676182,2022-05-15,202205,35000
AFG5171377193,2022-04-02,202204,309600
AFG5173626788,2022-05-08,202205,23900
AFG5175062445,2022-04-29,202204,211850
AFG5175495172,2022-04-03,202204,23200
AFG5176548506,2022-05-07,202205,23200
AFG5186901940,2022-01-10,202201,39200
AFG5191730930,2022-05-08,202205,55200
AFG5192607698,2022-01-17,202201,79000
AFG5198011536,2022-04-23,202204,219000
AFG5198011536,2022-05-01,202205,259200
AFG5199131132,2022-05-11,202205,360000
AFG5200554263,2022-02-28,202202,149000
AFG5204613758,2022-04-02,202204,67200
AFG5207951435,2022-05-22,202205,237600
AFG5217988607,2022-04-09,202204,89000
AFG5223185980,2022-05-20,202205,60000
AFG5223185980,2022-05-21,202205,-60000
AFG5225798203,2022-01-08,202201,103200
AFG5232482243,2022-04-09,202204,426000
AFG5233779920,2022-05-11,202205,28000
AFG5238696182,2022-04-17,202204,167000
AFG5240909213,2022-05-06,202205,105700
AFG5243859920,2022-04-03,202204,39500
AFG5246298910,2022-05-12,202205,23900
AFG5248388607,2022-04-03,202204,144500
AFG5248862748,2022-02-02,202202,69000
AFG5249480627,2022-05-03,202205,29900
AFG5254167395,2022-02-04,202202,529200
AFG5254167395,2022-04-06,202204,309600
AFG5254167395,2022-05-15,202205,64900
AFG5258806789,2022-01-05,202201,148000
AFG5262474061,2022-04-12,202204,35000
AFG5262547597,2021-12-12,202112,1290000
AFG5267563253,2022-05-04,202205,267300
AFG5268519617,2022-05-15,202205,35000
AFG5269760223,2022-01-10,202201,69000
AFG5272343051,2022-01-08,202201,109000
AFG5272697597,2022-04-12,202204,350000
AFG5272697597,2022-04-22,202204,-350000
AFG5272697597,2022-05-04,202205,200000
AFG5275631233,2022-03-14,202203,89000
AFG5277125374,2022-04-01,202204,39500
AFG5279193455,2022-05-01,202205,35000
AFG5281349819,2022-01-09,202201,402400
AFG5282369516,2022-05-20,202205,23900
AFG5282544970,2021-12-06,202112,187000
AFG5284804263,2022-02-25,202202,59000
AFG5287653455,2022-05-07,202205,180000
AFG5288425273,2022-05-15,202205,129000
AFG5289659819,2022-01-17,202201,139000
AFG5291228304,2022-04-02,202204,69000
AFG5297506182,2022-01-13,202201,67200
AFG5299965374,2022-05-21,202205,165500
AFG5308382748,2021-12-23,202112,79000
AFG5312599415,2022-01-09,202201,183200
AFG5313511637,2022-04-01,202204,47200
AFG5313511637,2022-05-06,202205,277600
AFG5319357799,2022-03-01,202203,89000
AFG5327457597,2022-02-19,202202,767000
AFG5328616687,2022-01-08,202201,39200
AFG5333436384,2022-04-05,202204,54700
AFG5333436384,2022-04-06,202204,8000
AFG5334163253,2021-12-19,202112,39200
AFG5347216586,2021-12-18,202112,79200
AFG5347739213,2022-01-25,202201,209300
AFG5349402849,2022-04-01,202204,86300
AFG5349402849,2022-04-09,202204,4800
AFG5359964869,2022-01-10,202201,159200
AFG5361301940,2021-12-03,202112,109000
AFG5366191637,2022-02-13,202202,387000
AFG5366191637,2022-02-14,202202,-149000
AFG5368914061,2022-04-22,202204,29000
AFG5380664162,2022-05-07,202205,133700
AFG6125747900,2022-04-17,202204,178000
AFG6128249718,2021-12-26,202112,99000
AFG6128308809,2022-01-08,202201,160300
AFG6128407900,2022-02-11,202202,99000
AFG6129149718,2021-12-11,202112,89000
AFG6129149718,2022-01-09,202201,39200
AFG6135296283,2022-05-13,202205,78900
AFG6140116991,2022-04-20,202204,74000
AFG6143215273,2022-04-09,202204,129000
AFG6143215273,2022-04-10,202204,0
AFG6143643859,2022-04-04,202204,142500
AFG6143643859,2022-04-27,202204,39000
AFG6144320930,2022-04-03,202204,222400
AFG6147890829,2022-05-05,202205,103200
AFG6155882647,2021-12-21,202112,160300
AFG6156484364,2021-12-05,202112,99000
AFG6159148102,2021-12-05,202112,69000
AFG6166638405,2022-01-08,202201,153300
AFG6166638405,2022-05-22,202205,47100
AFG6167547092,2021-12-12,202112,89000
AFG6170055879,2022-04-17,202204,260000
AFG6172692344,2022-05-19,202205,79200
AFG6180585980,2022-02-10,202202,445600
AFG6188659819,2022-04-01,202204,71200
AFG6197242142,2022-05-05,202205,173600
AFG6197659920,2022-04-27,202204,49000
AFG6199146991,2022-04-06,202204,39500
AFG6199146991,2022-04-07,202204,87300
AFG6201419314,2022-04-02,202204,39900
AFG6205484768,2022-03-30,202203,219000
AFG6205484768,2022-03-31,202203,-219000
AFG6205484768,2022-04-23,202204,35000
AFG6207432950,2022-03-08,202203,47200
AFG6209241132,2022-03-12,202203,89000
AFG6209517395,2022-05-11,202205,28000
AFG6216005778,2022-03-21,202203,322200
AFG6222962445,2022-03-19,202203,62100
AFG6225198607,2022-01-08,202201,39200
AFG6230697597,2021-12-05,202112,299000
AFG6232190223,2022-04-05,202204,102900
AFG6236530728,2022-01-09,202201,28000
AFG6236530728,2022-03-13,202203,272100
AFG6236530728,2022-03-20,202203,6000
AFG6239579819,2022-05-20,202205,28000
AFG6243178506,2022-05-01,202205,29000
AFG6246556182,2022-03-22,202203,155000
AFG6246572041,2022-05-08,202205,51200
AFG6252073051,2022-05-22,202205,54400
AFG6258551233,2022-01-30,202201,139000
AFG6258551233,2022-02-06,202202,-139000
AFG6262333455,2022-05-21,202205,151200
AFG6271085172,2022-01-07,202201,49900
AFG6271525677,2022-02-06,202202,39200
AFG6276826687,2022-02-10,202202,188300
AFG6279428809,2022-04-03,202204,142400
AFG6280624970,2022-05-20,202205,75100
AFG6281174162,2022-05-19,202205,305200
AFG6281365374,2021-12-20,202112,39200
AFG6282320425,2022-04-07,202204,59200
AFG6282429516,2022-05-07,202205,59200
AFG6282567496,2022-04-06,202204,23900
AFG6283686687,2022-05-22,202205,142300
AFG6286764869,2021-12-29,202112,198000
AFG6287295879,2022-02-05,202202,39200
AFG6289678102,2022-05-16,202205,88000
AFG6290032849,2022-04-05,202204,59200
AFG6294211031,2022-03-06,202203,39200
AFG6294569314,2022-04-30,202204,87900
AFG6294989819,2022-05-22,202205,55100
AFG6295145980,2021-12-22,202112,28000
AFG6296779920,2022-05-21,202205,115200
AFG6298958910,2022-05-13,202205,159600
AFG6300044566,2022-05-06,202205,92800
AFG6300690930,2021-12-19,202112,183200
AFG6301556384,2022-05-08,202205,23200
AFG6307858506,2022-05-12,202205,84000
AFG6311576687,2021-12-31,202112,89000
AFG6317129415,2022-03-25,202203,160300
AFG6324093960,2021-12-20,202112,89000
AFG6325410223,2022-03-06,202203,373600
AFG6328163758,2022-05-14,202205,29000
AFG6328799011,2022-04-01,202204,67900
AFG6328799011,2022-05-08,202205,51900
AFG6334858001,2022-04-03,202204,55100
AFG6335022647,2022-05-04,202205,168000
AFG6337283051,2022-04-01,202204,84000
AFG6339682748,2022-05-13,202205,39000
AFG6344738304,2022-03-20,202203,199000
AFG6346549819,2022-01-19,202201,79000
AFG6349764162,2021-12-19,202112,158400
AFG6350844162,2021-12-02,202112,99000
AFG6350844162,2021-12-15,202112,99000
AFG6351427799,2022-05-05,202205,103200
AFG6357472142,2021-12-15,202112,99000
AFG6359776485,2021-12-03,202112,59000
AFG6362551940,2022-05-10,202205,208000
AFG6366826384,2022-05-19,202205,306000
AFG6369831738,2022-05-07,202205,69600
AFG6370064465,2022-04-23,202204,59800
AFG6382685071,2022-03-06,202203,39900
AFG6385900728,2021-12-01,202112,178000
AFG6387622950,2022-01-09,202201,209800
AFG6399416485,2022-01-11,202201,28000
AFG6400750425,2022-05-12,202205,84600
AFG6402936283,2022-04-03,202204,23200
AFG6403016788,2021-12-15,202112,69000
AFG6403016788,2021-12-22,202112,-69000
AFG6406250728,2022-04-09,202204,354200
AFG6406371940,2022-04-07,202204,79000
AFG6406644768,2022-03-18,202203,35000
AFG6413389516,2022-05-14,202205,129000
AFG6415661839,2022-05-20,202205,82400
AFG6435699213,2022-04-03,202204,39900
AFG6439012546,2022-05-06,202205,82400
AFG6439699415,2022-05-22,202205,23900
AFG6441315374,2022-03-05,202203,47800
AFG6447250425,2022-05-14,202205,59000
AFG6456142849,2022-05-22,202205,186400
AFG6456338910,2022-04-06,202204,23900
AFG6457000829,2022-05-13,202205,0
AFG6463091637,2022-03-26,202203,339300
AFG6463091637,2022-04-02,202204,0
AFG6476319718,2022-04-03,202204,23900
AFG6477105778,2022-04-02,202204,23900
AFG6480943455,2022-05-08,202205,23900
AFG6484002445,2022-05-05,202205,31500
AFG6484506788,2022-03-29,202203,179100
AFG6484596485,2022-01-10,202201,89100
AFG6488829617,2022-05-15,202205,59000
AFG6492795172,2022-04-02,202204,108500
AFG6494672142,2022-05-22,202205,67200
AFG6496551536,2022-03-21,202203,358200
AFG6500699112,2022-05-10,202205,49000
AFG6500994465,2022-05-06,202205,23200
AFG6501006485,2022-04-02,202204,23900
AFG6501010829,2022-04-09,202204,0
AFG6502991334,2022-03-24,202203,45000
AFG6503476687,2022-01-14,202201,217200
AFG6505033253,2022-05-20,202205,158400
AFG6506587193,2022-05-09,202205,183200
AFG6507415778,2022-05-05,202205,35000
AFG6507742748,2022-04-13,202204,69000
AFG6514935879,2022-01-06,202201,69000
AFG6514935879,2022-01-26,202201,138000
AFG6519590324,2022-02-12,202202,444100
AFG6531214162,2022-05-09,202205,23900
AFG6534061839,2022-04-05,202204,203200
AFG6539405576,2022-05-22,202205,23900
AFG6542668304,2022-04-02,202204,318000
AFG6544053758,2021-12-21,202112,78400
AFG6551591536,2022-04-28,202204,39000
AFG6552999314,2022-04-03,202204,23900
AFG6555046283,2021-12-05,202112,278000
AFG6569786384,2022-05-11,202205,28000
AFG6572744465,2022-01-11,202201,49900
AFG6575203354,2021-12-10,202112,99000
AFG6582340829,2022-05-10,202205,39000
AFG6584886991,2022-04-12,202204,59000
AFG6585019112,2022-01-21,202201,99000
AFG6589604970,2022-05-06,202205,28000
AFG6590310627,2022-01-25,202201,79000
AFG6593576283,2022-01-15,202201,200000
AFG6597469112,2022-03-12,202203,35000
AFG6599933657,2022-01-08,202201,39200
AFG6601941738,2022-01-05,202201,69000
AFG6614676788,2022-05-21,202205,28000
AFG6621291637,2022-05-06,202205,119200
AFG6621291637,2022-05-08,202205,-119200
AFG6621574263,2022-01-16,202201,149000
AFG6625509314,2022-05-07,202205,59200
AFG6626302344,2022-03-04,202203,340400
AFG6627848304,2022-04-07,202204,112200
AFG6631432647,2022-05-07,202205,207600
AFG6633452546,2022-04-15,202204,69000
AFG6636025778,2022-05-08,202205,28000
AFG6641598304,2022-03-06,202203,71200
AFG6641803657,2022-04-03,202204,86300
AFG6649863051,2022-04-03,202204,55200
AFG6650005273,2022-03-04,202203,14700
AFG6650005273,2022-03-08,202203,9200
AFG6654616586,2022-04-24,202204,87900
AFG6659826384,2022-05-07,202205,0
AFG6677280526,2022-02-04,202202,135200
AFG6679098809,2022-01-28,202201,69000
AFG6683043859,2022-03-12,202203,219000
AFG6683774364,2021-12-19,202112,28000
AFG6687248506,2022-04-24,202204,29900
AFG6687356991,2022-05-17,202205,99000
AFG6691902445,2022-03-06,202203,330000
AFG6696401334,2022-05-10,202205,31200
AFG6701960627,2022-05-06,202205,31200
AFG6702035273,2022-05-22,202205,70300
AFG6709949112,2022-04-24,202204,35000
AFG6717096789,2022-05-20,202205,143200
AFG6725666283,2022-05-12,202205,23900
AFG6728543455,2021-12-27,202112,89000
AFG6728543455,2022-03-27,202203,179100
AFG6728729314,2022-04-14,202204,139000
AFG6736863657,2022-05-22,202205,91100
AFG6738709516,2022-01-06,202201,89100
AFG6738709516,2022-01-24,202201,85000
AFG6740020324,2022-04-19,202204,35000
AFG6747879314,2022-05-21,202205,84000
AFG6749694364,2022-04-21,202204,277000
AFG6752564768,2022-03-06,202203,55200
AFG6756424061,2022-05-08,202205,51200
AFG6761399112,2022-04-24,202204,68000
AFG6763738910,2022-05-06,202205,111200
AFG6773903051,2022-03-17,202203,300000
AFG6777275172,2021-12-31,202112,149000
AFG6778024364,2022-01-11,202201,67200
AFG6783653354,2022-02-08,202202,39200
AFG6784553657,2022-01-16,202201,332200
AFG6784553657,2022-04-30,202204,78000
AFG6788731738,2022-05-04,202205,44000
AFG6800515374,2022-03-20,202203,45000
AFG6801090627,2022-05-08,202205,23200
AFG6804960526,2022-05-22,202205,31200
AFG6805143455,2022-03-09,202203,88000
AFG6805752344,2022-04-01,202204,23900
AFG6807941637,2022-05-20,202205,60000
AFG6813236182,2022-05-08,202205,51200
AFG6822383960,2022-05-06,202205,114300
AFG6825009314,2021-12-21,202112,39200
AFG6825647395,2022-05-12,202205,62400
AFG6835788405,2022-05-12,202205,74400
AFG6838532849,2021-12-07,202112,99000
AFG6840105778,2022-05-15,202205,206100
AFG6846099516,2021-12-01,202112,129000
AFG6860414162,2021-12-07,202112,139000
AFG6860414162,2022-05-07,202205,103200
AFG6863418708,2022-02-04,202202,39200
AFG6863418708,2022-02-06,202202,-39200
AFG6865733657,2022-03-30,202203,160300
AFG6865733657,2022-04-25,202204,29000
AFG6874574162,2022-05-07,202205,23900
AFG6878205576,2022-03-27,202203,125100
